timestamp,run_id,task,condition,provider,model,reasoning_effort,condition_type,sample_seed,pool_samples,skill_pools,skills_given,skill_imports_enforced,import_policy,skill_import_violations,api_status,script_status,verifier_success,issues,notes,elapsed_seconds,run_dir,artifacts_dir,agent_workspace
2026-06-27T17:55:15,gpt55xhigh_full_20260627_1755,pubtables,multi_pool_all,openai-responses,gpt-5.5,xhigh,multi_pool_all,,{},"{""table_extraction"": [""table-ocr-structure-reconstructor"", ""bbox-row-column-parser"", ""table-boundary-noise-filter"", ""header-span-detector"", ""file-converter""], ""data_cleaning"": [""multi-source-data-cleaner-pro"", ""data-analysis"", ""data-analyst-cn"", ""excel-xlsx"", ""chat2duckdb""], ""validation_audit"": [""metric-consistency-auditor"", ""artifact-contract-checker"", ""code-executor"", ""data-reconciliation-exceptions"", ""sql-master""], ""summary_reporting"": [""grounded-metric-summary"", ""extraction-audit-summary"", ""typora-visual-architect"", ""generate-report123"", ""data2visualization""]}",table-ocr-structure-reconstructor|bbox-row-column-parser|table-boundary-noise-filter|header-span-detector|file-converter|multi-source-data-cleaner-pro|data-analysis|data-analyst-cn|excel-xlsx|chat2duckdb|metric-consistency-auditor|artifact-contract-checker|code-executor|data-reconciliation-exceptions|sql-master|grounded-metric-summary|extraction-audit-summary|typora-visual-architect|generate-report123|data2visualization,False,warn,,ok,exit_0,False,"metrics.csv row count mismatch: expected 5, got 6. | table_cells.csv missing required cell text: Evaluation score (%) | audit.json row_count mismatch: expected 5, got 6.",extracted from Python code block,126.12,E:\research\pilot_experiments\tasks\pubtables\runs\multi_pool_all\agent_runs\gpt55xhigh_full_20260627_1755,E:\research\pilot_experiments\tasks\pubtables\runs\multi_pool_all\agent_runs\gpt55xhigh_full_20260627_1755\artifacts,E:\research\pilot_experiments\tasks\pubtables\runs\multi_pool_all\agent_runs\gpt55xhigh_full_20260627_1755\agent_workspace
2026-06-27T17:57:21,gpt55xhigh_full_20260627_1755,pubtables,multi_pool_sample_s01,openai-responses,gpt-5.5,xhigh,multi_pool_sample,1,"{""table_extraction"": ""bbox-row-column-parser"", ""data_cleaning"": ""chat2duckdb"", ""validation_audit"": ""metric-consistency-auditor"", ""summary_reporting"": ""typora-visual-architect""}","{""table_extraction"": [""bbox-row-column-parser""], ""data_cleaning"": [""chat2duckdb""], ""validation_audit"": [""metric-consistency-auditor""], ""summary_reporting"": [""typora-visual-architect""]}",bbox-row-column-parser|chat2duckdb|metric-consistency-auditor|typora-visual-architect,False,warn,,ok,exit_0,False,table_cells.csv missing required cell text: Evaluation score (%),extracted from Python code block,120.21,E:\research\pilot_experiments\tasks\pubtables\runs\multi_pool_sample_s01\agent_runs\gpt55xhigh_full_20260627_1755,E:\research\pilot_experiments\tasks\pubtables\runs\multi_pool_sample_s01\agent_runs\gpt55xhigh_full_20260627_1755\artifacts,E:\research\pilot_experiments\tasks\pubtables\runs\multi_pool_sample_s01\agent_runs\gpt55xhigh_full_20260627_1755\agent_workspace
2026-06-27T17:59:21,gpt55xhigh_full_20260627_1755,pubtables,multi_pool_sample_s02,openai-responses,gpt-5.5,xhigh,multi_pool_sample,2,"{""table_extraction"": ""table-ocr-structure-reconstructor"", ""data_cleaning"": ""multi-source-data-cleaner-pro"", ""validation_audit"": ""metric-consistency-auditor"", ""summary_reporting"": ""typora-visual-architect""}","{""table_extraction"": [""table-ocr-structure-reconstructor""], ""data_cleaning"": [""multi-source-data-cleaner-pro""], ""validation_audit"": [""metric-consistency-auditor""], ""summary_reporting"": [""typora-visual-architect""]}",table-ocr-structure-reconstructor|multi-source-data-cleaner-pro|metric-consistency-auditor|typora-visual-architect,False,warn,,ok,exit_0,False,"metrics.csv row count mismatch: expected 5, got 6. | table_cells.csv missing required cell text: Evaluation score (%) | audit.json row_count mismatch: expected 5, got 6. | audit.json best_by_dataset mismatch for PubMed QA. | audit.json best_by_dataset mismatch for ChemTable. | summary.md missing grounded result(s): 88.6, 84.2",extracted from Python code block,122.54,E:\research\pilot_experiments\tasks\pubtables\runs\multi_pool_sample_s02\agent_runs\gpt55xhigh_full_20260627_1755,E:\research\pilot_experiments\tasks\pubtables\runs\multi_pool_sample_s02\agent_runs\gpt55xhigh_full_20260627_1755\artifacts,E:\research\pilot_experiments\tasks\pubtables\runs\multi_pool_sample_s02\agent_runs\gpt55xhigh_full_20260627_1755\agent_workspace
2026-06-27T18:01:24,gpt55xhigh_full_20260627_1755,pubtables,multi_pool_sample_s03,openai-responses,gpt-5.5,xhigh,multi_pool_sample,3,"{""table_extraction"": ""bbox-row-column-parser"", ""data_cleaning"": ""chat2duckdb"", ""validation_audit"": ""sql-master"", ""summary_reporting"": ""extraction-audit-summary""}","{""table_extraction"": [""bbox-row-column-parser""], ""data_cleaning"": [""chat2duckdb""], ""validation_audit"": [""sql-master""], ""summary_reporting"": [""extraction-audit-summary""]}",bbox-row-column-parser|chat2duckdb|sql-master|extraction-audit-summary,False,warn,,ok,exit_0,False,"metrics.csv mismatch for method: expected 'GraphNet', got 'GraphNet ChemTable 84.7 81.3 cross-domain'. | metrics.csv mismatch for dataset: expected 'ChemTable', got ''. | metrics.csv mismatch for notes: expected 'cross-domain', got 'GraphNet ChemTable 84.7 81.3 cross-domain'. | metrics.csv mismatch for f1: expected 81.3, got None. | metrics.csv mismatch for method: expected 'Rule Parser', got 'GraphNet PubMed QA 91.2 88.6 best'. | metrics.csv mismatch for dataset: expected 'ChemTable', got ''. | metrics.csv mismatch for notes: expected 'weak baseline', got 'GraphNet PubMed QA 91.2 88.6 best'. | metrics.csv mismatch for accuracy: expected 71.0, got 91.2. | metrics.csv mismatch for f1: expected 68.4, got None. | metrics.csv mismatch for method: expected 'TableFormer', got 'Rule Parser ChemTable 71.0 68.4 weak baseline'. | metrics.csv mismatch for dataset: expected 'ChemTable', got ''. | metrics.csv mismatch for notes: expected 'best', got 'Rule Parser ChemTable 71.0 68.4 weak baseline'. | metrics.csv mismatch for accuracy: expected 87.8, got 71.0. | metrics.csv mismatch for f1: expected 84.2, got None. | metrics.csv mismatch for method: expected 'GraphNet', got 'TableFormer ChemTable 87.8 84.2 best'. | metrics.csv mismatch for dataset: expected 'PubMed QA', got ''. | metrics.csv mismatch for notes: expected 'best', got 'TableFormer ChemTable 87.8 84.2 best'. | metrics.csv mismatch for accuracy: expected 91.2, got 87.8. | metrics.csv mismatch for f1: expected 88.6, got None. | metrics.csv mismatch for method: expected 'TreeCRF', got 'TreeCRF PubMed QA 89.5 86.9 baseline'. | metrics.csv mismatch for dataset: expected 'PubMed QA', got ''. | metrics.csv mismatch for notes: expected 'baseline', got 'TreeCRF PubMed QA 89.5 86.9 baseline'. | metrics.csv mismatch for f1: expected 86.9, got None. | table_cells.csv missing required cell text: Accuracy, ChemTable, Dataset, Evaluation score (%), F1, GraphNet, Method, Notes, PubMed QA, Rule Parser, TableFormer, weak baseline | audit.json best_by_dataset mismatch for PubMed QA. | audit.json best_by_dataset mismatch for ChemTable.",extracted from Python code block,324.20,E:\research\pilot_experiments\tasks\pubtables\runs\multi_pool_sample_s03\agent_runs\gpt55xhigh_full_20260627_1755,E:\research\pilot_experiments\tasks\pubtables\runs\multi_pool_sample_s03\agent_runs\gpt55xhigh_full_20260627_1755\artifacts,E:\research\pilot_experiments\tasks\pubtables\runs\multi_pool_sample_s03\agent_runs\gpt55xhigh_full_20260627_1755\agent_workspace
2026-06-27T18:06:48,gpt55xhigh_full_20260627_1755,pubtables,multi_pool_sample_s04,openai-responses,gpt-5.5,xhigh,multi_pool_sample,4,"{""table_extraction"": ""bbox-row-column-parser"", ""data_cleaning"": ""data-analyst-cn"", ""validation_audit"": ""metric-consistency-auditor"", ""summary_reporting"": ""generate-report123""}","{""table_extraction"": [""bbox-row-column-parser""], ""data_cleaning"": [""data-analyst-cn""], ""validation_audit"": [""metric-consistency-auditor""], ""summary_reporting"": [""generate-report123""]}",bbox-row-column-parser|data-analyst-cn|metric-consistency-auditor|generate-report123,False,warn,,ok,exit_1,False,"Traceback (most recent call last):
  File ""E:\research\pilot_experiments\tasks\pubtables\runs\multi_pool_sample_s04\agent_runs\gpt55xhigh_full_20260627_1755\agent_workspace\generated_solution.py"", line 649, in <module>
    main()
    ~~~~^^
  File ""E:\research\pilot_experiments\tasks\pubtables\runs\multi_pool_sample_s04\agent_runs\gpt55xhigh_full_20260627_1755\agent_workspace\generated_solution.py"", line 625, in main
    table_bbox = find_table_bbox(data)
  File ""E:\research\pilot_experiments\tasks\pubtables\runs\multi_pool_sample_s04\agent_runs\gpt55xhigh_full_20260627_1755\agent_workspace\generated_solution.py"", line 115, in find_table_bbox
    walk(obj)
    ~~~~^^^^^
  File ""E:\research\pilot_experiments\tasks\pubtables\runs\multi_pool_sample_s04\agent_runs\gpt55xhigh_full_20260627_1755\agent_workspace\generated_solution.py"", line 106, in walk
    walk(child, low)
    ~~~~^^^^^^^^^^^^
  File ""E:\research\pilot_experiments\tasks\pubtables\runs\multi_pool_sample_s04\agent_runs\gpt55xh | Missing or empty artifact: E:\research\pilot_experiments\tasks\pubtables\runs\multi_pool_sample_s04\agent_runs\gpt55xhigh_full_20260627_1755\artifacts\table_cells.csv | Missing or empty artifact: E:\research\pilot_experiments\tasks\pubtables\runs\multi_pool_sample_s04\agent_runs\gpt55xhigh_full_20260627_1755\artifacts\metrics.csv | Missing or empty artifact: E:\research\pilot_experiments\tasks\pubtables\runs\multi_pool_sample_s04\agent_runs\gpt55xhigh_full_20260627_1755\artifacts\audit.json | Missing or empty artifact: E:\research\pilot_experiments\tasks\pubtables\runs\multi_pool_sample_s04\agent_runs\gpt55xhigh_full_20260627_1755\artifacts\summary.md",extracted from Python code block,107.63,E:\research\pilot_experiments\tasks\pubtables\runs\multi_pool_sample_s04\agent_runs\gpt55xhigh_full_20260627_1755,E:\research\pilot_experiments\tasks\pubtables\runs\multi_pool_sample_s04\agent_runs\gpt55xhigh_full_20260627_1755\artifacts,E:\research\pilot_experiments\tasks\pubtables\runs\multi_pool_sample_s04\agent_runs\gpt55xhigh_full_20260627_1755\agent_workspace
2026-06-27T18:08:36,gpt55xhigh_full_20260627_1755,pubtables,multi_pool_sample_s05,openai-responses,gpt-5.5,xhigh,multi_pool_sample,5,"{""table_extraction"": ""file-converter"", ""data_cleaning"": ""data-analyst-cn"", ""validation_audit"": ""code-executor"", ""summary_reporting"": ""data2visualization""}","{""table_extraction"": [""file-converter""], ""data_cleaning"": [""data-analyst-cn""], ""validation_audit"": [""code-executor""], ""summary_reporting"": [""data2visualization""]}",file-converter|data-analyst-cn|code-executor|data2visualization,False,warn,,ok,exit_0,False,"metrics.csv mismatch for notes: expected 'cross-domain', got ''. | metrics.csv mismatch for method: expected 'Rule Parser', got 'TableFormer'. | metrics.csv mismatch for notes: expected 'weak baseline', got ''. | metrics.csv mismatch for accuracy: expected 71.0, got 87.8. | metrics.csv mismatch for f1: expected 68.4, got 84.2. | metrics.csv mismatch for notes: expected 'best', got 'Rule | Parser'. | metrics.csv mismatch for accuracy: expected 87.8, got 71.0. | metrics.csv mismatch for f1: expected 84.2, got 68.4. | metrics.csv mismatch for dataset: expected 'PubMed QA', got 'PubMed'. | metrics.csv mismatch for notes: expected 'best', got 'QA'. | metrics.csv mismatch for dataset: expected 'PubMed QA', got 'PubMed'. | metrics.csv mismatch for notes: expected 'baseline', got 'QA'. | table_cells.csv missing required cell text: Evaluation score (%), Notes, PubMed QA, Rule Parser, weak baseline | audit.json best_by_dataset mismatch for PubMed QA. | summary.md missing grounded result(s): PubMed QA",extracted from Python code block,138.26,E:\research\pilot_experiments\tasks\pubtables\runs\multi_pool_sample_s05\agent_runs\gpt55xhigh_full_20260627_1755,E:\research\pilot_experiments\tasks\pubtables\runs\multi_pool_sample_s05\agent_runs\gpt55xhigh_full_20260627_1755\artifacts,E:\research\pilot_experiments\tasks\pubtables\runs\multi_pool_sample_s05\agent_runs\gpt55xhigh_full_20260627_1755\agent_workspace
